{"beauty_supplier": {"by_dow_mean": {"0": 29702.83172764468, "1": 31134.742135420358, "2": 32770.98955657132, "3": 34697.54337679812, "4": 39666.03373889702, "5": 49456.916010541114, "6": 26206.902890518944}, "by_dow_std": {"0": 29425.066730033635, "1": 30499.5303921319, "2": 32481.930392989354, "3": 35108.114170498644, "4": 39613.4641645638, "5": 50040.472414611206, "6": 25851.35213795493}}, "electronics_retailer": {"by_dow_mean": {"0": 77987.50147548832, "1": 78643.55207006901, "2": 79023.97331126145, "3": 78669.58102499068, "4": 93280.05445355595, "5": 114078.44365574696, "6": 55066.6299318352}, "by_dow_std": {"0": 86321.76990402363, "1": 84402.90525828245, "2": 87490.33509909004, "3": 88762.9303581352, "4": 100123.40860761386, "5": 128488.97793838054, "6": 61510.80166860899}}, "market_food_vendor": {"by_dow_mean": {"0": 22711.204563659787, "1": 23771.325976268505, "2": 22483.609462776294, "3": 22646.18174117426, "4": 25980.69134459904, "5": 31627.539898987616, "6": 12442.974278369278}, "by_dow_std": {"0": 17700.00025078951, "1": 18406.063782452176, "2": 17050.118804933703, "3": 17510.272215485074, "4": 19991.623052980623, "5": 24146.01084887843, "6": 9557.513784229168}}, "okada_rider": {"by_dow_mean": {"0": 9081.383204181317, "1": 9098.039873525247, "2": 9083.803469561115, "3": 9034.242429693251, "4": 9507.596094969325, "5": 9914.654522652194, "6": 7044.089739499765}, "by_dow_std": {"0": 5433.62118971697, "1": 5407.967920657646, "2": 5384.677711377861, "3": 5317.054934249282, "4": 5602.911106798154, "5": 5866.37600788641, "6": 4163.582273361365}}, "pos_agent": {"by_dow_mean": {"0": 36241.064758841734, "1": 36341.118713748896, "2": 36260.09937157383, "3": 36252.92032896551, "4": 39854.957578850575, "5": 43574.24119562334, "6": 36315.63310057471}, "by_dow_std": {"0": 24660.798066449588, "1": 24790.73931513111, "2": 24689.636436346085, "3": 24678.618818779374, "4": 27223.930284064987, "5": 29607.316115261277, "6": 24484.57208656816}}, "tailor_artisan": {"by_dow_mean": {"0": 12460.327327801859, "1": 12584.157586804267, "2": 12518.352978881434, "3": 12513.55810210334, "4": 14487.376601929487, "5": 16327.84070880675, "6": 4996.3092712920925}, "by_dow_std": {"0": 10811.344425606281, "1": 10977.8580085393, "2": 10901.126295718439, "3": 10886.120499654435, "4": 12572.300673027254, "5": 14232.689507093502, "6": 4343.372865140618}}}